id,title,score,num_comments,author,created_utc,url,over_18,edited,spoiler,stickied
1noq2sq,It's All About Data...,1189,35,growth_man,2025-09-23 18:58:27,https://i.redd.it/kctsa68woyqf1.png,False,False,False,False
1nolrzf,LMFAO offshoring,167,30,Salt_Anteater3307,2025-09-23 16:17:18,https://www.reddit.com/r/dataengineering/comments/1nolrzf/lmfao_offshoring/,False,False,False,False
1nojoum,"BigQuery vs snowflake vs Databricks, which one is more dominant in the industry and market?",51,54,Beyond_Birthday_13,2025-09-23 14:59:14,https://www.reddit.com/r/dataengineering/comments/1nojoum/bigquery_vs_snowflake_vs_databricks_which_one_is/,False,False,False,False
1nogqqj,Meetings instead of answering a simple question,43,19,dfwtjms,2025-09-23 13:00:14,https://www.reddit.com/r/dataengineering/comments/1nogqqj/meetings_instead_of_answering_a_simple_question/,False,False,False,False
1nos7dw,Data Engineers: Struggles with Salesforce data,25,46,VizlyAI,2025-09-23 20:19:00,https://www.reddit.com/r/dataengineering/comments/1nos7dw/data_engineers_struggles_with_salesforce_data/,False,False,False,False
1nosyuk,How to learn something new nowadays?,12,8,L3GOLAS234,2025-09-23 20:48:40,https://www.reddit.com/r/dataengineering/comments/1nosyuk/how_to_learn_something_new_nowadays/,False,False,False,False
1noxj84,ELT in snowflake,9,16,Wht_the_heck_gng_on,2025-09-24 00:00:36,https://www.reddit.com/r/dataengineering/comments/1noxj84/elt_in_snowflake/,False,False,False,False
1np67wl,Choosing Between Data Engineering and Platform Engineering,4,4,Creative-Dentist-383,2025-09-24 07:52:29,https://www.reddit.com/r/dataengineering/comments/1np67wl/choosing_between_data_engineering_and_platform/,False,False,False,False
1np45xe,What is the need for using hashing algorithms to create primary keys or surrogate keys?,7,12,tinkerjreddit,2025-09-24 05:40:39,https://www.reddit.com/r/dataengineering/comments/1np45xe/what_is_the_need_for_using_hashing_algorithms_to/,False,False,False,False
1nowknd,Visualization of different versions of UUID,6,0,gangtao,2025-09-23 23:17:19,https://gangtao.github.io/visualizing-uuid/,False,False,False,False
1noicw9,Ideas for new stuff to do,3,5,Zestyclose-Basil-896,2025-09-23 14:06:59,https://www.reddit.com/r/dataengineering/comments/1noicw9/ideas_for_new_stuff_to_do/,False,False,False,False
1np3zw4,GitHub - Website-Crawler: Extract data from websites in LLM ready JSON or CSV format. Crawl or Scrape entire website with Website Crawler,5,0,PsychologicalTap1541,2025-09-24 05:30:28,https://github.com/pc8544/Website-Crawler,False,False,False,False
1noq2ax,Salesforce to Snowflake...,4,1,Prize-Ad-5787,2025-09-23 18:57:56,https://www.reddit.com/r/dataengineering/comments/1noq2ax/salesforce_to_snowflake/,False,False,False,False
1nok03l,Bytewax is really cool - good bye PyFlink,3,2,askolein,2025-09-23 15:10:36,https://www.reddit.com/r/dataengineering/comments/1nok03l/bytewax_is_really_cool_good_bye_pyflink/,False,False,False,False
1noglac,Need some genuine advice for a career path,3,3,Internal_Resort_4217,2025-09-23 12:53:30,https://www.reddit.com/r/dataengineering/comments/1noglac/need_some_genuine_advice_for_a_career_path/,False,False,False,False
1nouuv9,"When you look at your current data pipelines and supporting tools, do you feel they do a good job of carrying not just the data itself, but also the metadata and semantics (context, meaning, definitions, lineage) from producers to consumers?",3,3,brother_maynerd,2025-09-23 22:03:27,https://www.reddit.com/r/dataengineering/comments/1nouuv9/when_you_look_at_your_current_data_pipelines_and/,False,False,False,False
1norvu7,"What was you stack, tools,languages or framworks you knew when you got your first job?",3,7,Beyond_Birthday_13,2025-09-23 20:06:56,https://www.reddit.com/r/dataengineering/comments/1norvu7/what_was_you_stack_toolslanguages_or_framworks/,False,False,False,False
1noqi94,Made a self-hosted API for CRUD-ing JSON data. Useful for small but simple data storage.,2,0,_Rush2112_,2025-09-23 19:14:31,https://github.com/TimoKats/emmer,False,False,False,False
1np1j4t,Tecnologo de eng de dados? leia a desc,0,0,Admirable_Sale_8361,2025-09-24 03:13:13,https://www.reddit.com/r/dataengineering/comments/1np1j4t/tecnologo_de_eng_de_dados_leia_a_desc/,False,False,False,False
1nog40w,Data Engineers: Which tool are you picking for pipelines in 2025 - Spark or dbt?,0,15,Weird_Mycologist_268,2025-09-23 12:32:10,https://www.reddit.com/r/dataengineering/comments/1nog40w/data_engineers_which_tool_are_you_picking_for/,False,False,False,False
